title,link,short_description,description,location,country,city,category,category_slug,start_date,end_date,month
Health Service & Pharmacy EXPO  2025,https://expo.am/en/exhibition/zdravoohranenie-i-farmaciya-expo,22th international specialized exhibition of medicine,"We invite you to take part in the exhibition Health Service & Pharmacy EXPO 2025 Less than 3  months  left until the opening Conditions of participation in the exhibition Request information! The Health Service & Pharmacy EXPO is the largest exhibition in the healthcare sector, aimed at the leaders of medical institutions, researchers, practicing doctors, as well as investors, entrepreneurs, and specialists working in the medical goods and services market. The Health Service & Pharmacy EXPO exhibition is a unique opportunity to hear the opinions and recommendations of leading specialists in various areas of medicine, outline solutions to the most pressing issues currently facing domestic healthcare. Main thematic sections: Preventive medicine Clinical medicine Dentistry Pharmacy Diagnostics Maternity and childhood Medical and laboratory equipment Hygiene During the exhibition, the following will take place: Master classes Video screenings Therapeutic and cosmetic procedures Facial and body skin care programs Round tables Seminars Exhibition objectives: Presentation of medical goods and services Establishment of new business contacts Countries Wide geography of participants! How many days before the exhibition to remind you? Done! Remind By clicking on the ""Remind"" button, you agree to the privacy policy and rules for the processing of personal data . A reminder message about the exhibition "" Health Service & Pharmacy EXPO 2025 "" will be sent to your E-mail address Have a good day, LOGOS EXPO Center Location Health Service & Pharmacy EXPO 2025 Nearby hotels Karen Demirchyan Complex Tsitsernakaberd Rd. 1, Yerevan, Armenia Booking.com",Karen Demirchyan Complex,Armenia,Yerevan,Medicine,medicine,5,7,September
Armenia EXPO  2025,https://expo.am/en/exhibition/armeniya-expo,24th regional universal trade-industrial exhibition,"We invite you to take part in the exhibition Armenia EXPO 2025 Less than 3  months  left until the opening Conditions of participation in the exhibition Request information! The main exhibition of the region ARMENIA EXPO has long and firmly established the position of the largest, authoritative, most anticipated and significant event in the business life of not only Armenia, but the entire region. Every year, the exhibition brings together the largest manufacturers from Armenia, Russia, Iran, Georgia, China, the CIS, Middle East and Europe countries, the  on a single platform, giving them the opportunity to present their products with dignity and as efficiently as possible. The exclusivity of regional trade-industrial exhibition forum ARMENIA EXPO in its thematic construction is that it is covering almost all industries. While combining individual exposure to the largest industrial exhibition in Armenia, ARMENIA EXPO makes it possible to more fully explore and get the necessary information about all existing firms, organizations and brands that exist not only in Armenia, but also in the whole region, to find a profitable business partner or a foreign investor and contributes to maintaining a successful marketing. Countries Wide geography of participants! How many days before the exhibition to remind you? Done! Remind By clicking on the ""Remind"" button, you agree to the privacy policy and rules for the processing of personal data . A reminder message about the exhibition "" Armenia EXPO 2025 "" will be sent to your E-mail address Have a good day, LOGOS EXPO Center Location Armenia EXPO 2025 Nearby hotels Karen Demirchyan Complex Tsitsernakaberd Rd. 1, Yerevan, Armenia Booking.com",Karen Demirchyan Complex,Armenia,Yerevan,Universal exhibitions,universal-exhibitions,5,7,September
Build EXPO  2025,https://expo.am/en/exhibition/stroj-expo,24th international specialized building exhibition,"We invite you to take part in the exhibition Build EXPO 2025 Less than 3  months  left until the opening Conditions of participation in the exhibition Request information! BUILD EXPO in Yerevan is a leading event in the construction and architectural industry of Armenia, which provides a unique opportunity for specialists and companies related to construction, design and repair to exchange experiences, be inspired by new ideas and establish business contacts. BUILD EXPO is a large venue where the most modern building materials, technologies and innovations are presented, as well as services in the field of architecture, interior design, engineering and ecology. The participants of the exhibition can get acquainted with various products and solutions, conduct direct demonstrations, get advice from experts and consult on their projects. Various companies, manufacturers and suppliers of building materials, equipment and tools, as well as architectural bureaus, design studios and construction firms are represented at the BUILD EXPO . Here you can see the latest developments in the field of energy efficiency, sustainable construction, green technologies and smart home. BUILD EXPO exhibition also organizes a series of conferences, seminars and master classes, where invited specialists and experts share their knowledge and experience. These events allow participants to learn about the latest trends and innovations in the construction industry, as well as discuss topical issues related to regulatory and legal aspects, project management and sustainable development. Special attention at the BUILD EXPO is paid to the development of professional ties and business contacts. Participants can meet representatives of construction companies, architectural bureaus, suppliers and potential partners. The exhibition provides a unique opportunity to establish new business relationships and expand the network of professional contacts. BUILD EXPO exhibition held in the framework of the exhibition forum ARMENIA EXPO . BUILD EXPO sections: Building technologies Building Materials Construction equipment Reconstruction Materials and Supplies Buildig Instruments Projection Interior and Exterior design Heating technology Construction Services Air-conditioning systems Pools and saunas Woodworking machinery Windows and doors Construction chemicals Ceramics Stone Floor coverings Lighting Sanitary engineering Cooling Technology The exhibition is held within the framework of the universal regional trade-industrial forum Armenia EXPO Countries Wide geography of participants! How many days before the exhibition to remind you? Done! Remind By clicking on the ""Remind"" button, you agree to the privacy policy and rules for the processing of personal data . A reminder message about the exhibition "" Build EXPO 2025 "" will be sent to your E-mail address Have a good day, LOGOS EXPO Center Location Build EXPO 2025 Nearby hotels Karen Demirchyan Complex Tsitsernakaberd Rd. 1, Yerevan, Armenia Booking.com",Karen Demirchyan Complex,Armenia,Yerevan,Construction,construction,5,7,September
Trans EXPO  2025,https://expo.am/en/exhibition/trans-expo,24th international specialized exhibition of transport and logistics,"We invite you to take part in the exhibition Trans EXPO 2025 Less than 3  months  left until the opening Conditions of participation in the exhibition Request information! Trans EXPO in Yerevan is a prestigious event dedicated to the transport and logistics industries, which attracts the attention of professionals, entrepreneurs and enthusiasts of this field. It is an ideal platform for presenting the latest achievements in the field of transport, logistics, automotive industry and related technologies. Trans EXPO presents a wide range of exhibition stands where companies and organizations present their products, services and innovative developments. Here you can get acquainted with various types of transport, including cars, trucks, buses, motorcycles, as well as rail, sea and air transport. Trans EXPO also offers participants a wide range of logistics and transport services, including cargo transportation, warehousing, supply chain management and customs services. In addition, transport logistics management systems and technologies, geo-positioning, tracking and transport solutions are presented here. Trans EXPO is an important platform for participants and visitors to exchange experience, knowledge and information about the latest trends in the transport and logistics industry. Conferences, seminars and presentations are held within the framework of the exhibition, where experts and industry representatives share their knowledge, analyze the current situation and discuss future prospects. TRANS EXPO held in the framework of the exhibition forum ARMENIA EXPO . TRANS EXPO sections: Auto salons Moto salons Servicing and car repair After-sales service Auto tuning Car rent Air brush Auto spares Auto chemistry and cosmetic Transport Cargo transportation Passenger traffic Connection Express mail The exhibition is held within the framework of the universal regional trade-industrial forum Armenia EXPO Countries Wide geography of participants! How many days before the exhibition to remind you? Done! Remind By clicking on the ""Remind"" button, you agree to the privacy policy and rules for the processing of personal data . A reminder message about the exhibition "" Trans EXPO 2025 "" will be sent to your E-mail address Have a good day, LOGOS EXPO Center Location Trans EXPO 2025 Nearby hotels Karen Demirchyan Complex Tsitsernakaberd Rd. 1, Yerevan, Armenia Booking.com",Karen Demirchyan Complex,Armenia,Yerevan,Transport and logistic,transport-and-logistic,5,7,September
Furniture Salon EXPO  2025,https://expo.am/en/exhibition/mebelnyj-salon-expo,24th international specialized exhibition of furniture,"We invite you to take part in the exhibition Furniture Salon EXPO 2025 Less than 3  months  left until the opening Conditions of participation in the exhibition Request information! FURNITURE SALON EXPO in Yerevan is a prestigious event dedicated to the furniture industry, interior design and modern trends in the field of furniture production. This exhibition is the leading platform for presenting the latest developments, products and services in the field of furniture. FURNITURE SALON EXPO presents a wide range of exhibition stands where companies and designers present their collections of furniture, from classic to modern style, including furniture for home, office, public and commercial spaces. Here you can find pieces of furniture of various functional and aesthetic solutions, from beds and tables to cabinets, chairs, sofas and accessories. FURNITURE SALON EXPO is a source of inspiration for professional interior designers, architects and anyone interested in modern design. The exhibition participants can get acquainted with innovative materials, textures, colors and shapes of furniture, as well as get advice from leading experts in the field of furniture design. Special attention at the exhibition is paid to the quality and functionality of furniture. Visitors can appreciate not only the appearance and style of the presented products, but also their practicality, ergonomics and innovative solutions. It also presents various materials for furniture production, components and technologies that contribute to the development of the modern furniture industry. FURNITURE SALON EXPO also organizes workshops, presentations and conferences where invited experts and designers share their experience, knowledge and ideas. These events allow participants to learn about the latest trends in interior design, the use of new materials and technologies in the furniture industry. FURNITURE SALON EXPO held in the framework of the exhibition forum ARMENIA EXPO . FURNITURE SALON EXPO sections: - Furniture accessories - Interior - Exterior Furniture: Office Restaurant School Hall Sitting-room Reception Bedroom Kitchen Children room Bath-room Furniture design Textiles for houses (curtain, tulle, decorative fabrics, coverlet, cloth, towels, carpets, and carpet coverings) Accessories for bath of rooms The exhibition is held within the framework of the universal regional trade-industrial forum Armenia EXPO Countries Wide geography of participants! How many days before the exhibition to remind you? Done! Remind By clicking on the ""Remind"" button, you agree to the privacy policy and rules for the processing of personal data . A reminder message about the exhibition "" Furniture Salon EXPO 2025 "" will be sent to your E-mail address Have a good day, LOGOS EXPO Center Location Furniture Salon EXPO 2025 Nearby hotels Karen Demirchyan Complex Tsitsernakaberd Rd. 1, Yerevan, Armenia Booking.com",Karen Demirchyan Complex,Armenia,Yerevan,Furniture and interior,furniture-and-interior,5,7,September
Polygraphy. Publishing. Advertisement. EXPO  2025,https://expo.am/en/exhibition/poligrafiya-izdatelstvo-reklama-expo,24th international specialized exhibition,"We invite you to take part in the exhibition Polygraphy. Publishing. Advertisement. EXPO 2025 Less than 3  months  left until the opening Conditions of participation in the exhibition Request information! Polygraphy. Publishing. Advertisement. Expo is a large-scale event in the field of printing, publishing and advertising, which is held in the city of Yerevan. It serves as a platform for presenting the latest trends, innovations and achievements in these industries. Polygraphy. Publishing. Advertisement. Expo brings together leading companies, professionals and experts representing a wide range of products and services. Here you can find printed publications, advertising materials, printing equipment, as well as the latest technologies in the field of publishing and advertising. Visitors of the exhibition have the opportunity to learn about the latest trends in the printing industry, watch demonstrations of new products, establish business contacts and exchange experience with colleagues Polygraphy. Publishing. Advertisement. Expo held in the framework of the exhibition forum ARMENIA EXPO . Polygraphy. Publishing. Advertisement. Expo sections: Typographical activity: Production of typographical products Paper and Cardboard Typographical equipment and spent material (printer’s ink, forms, layers) Publishing activity: Books and periodical The equipment, office equipment and accessories for the publishing activities Advertising: The advertising technologies and PR The equipment and materials for the advertisement Producing and services for the advertisement Design The exhibition is held within the framework of the universal regional trade-industrial forum Armenia EXPO Countries Wide geography of participants! How many days before the exhibition to remind you? Done! Remind By clicking on the ""Remind"" button, you agree to the privacy policy and rules for the processing of personal data . A reminder message about the exhibition "" Polygraphy. Publishing. Advertisement. EXPO 2025 "" will be sent to your E-mail address Have a good day, LOGOS EXPO Center Location Polygraphy. Publishing. Advertisement. EXPO 2025 Nearby hotels Karen Demirchyan Complex Tsitsernakaberd Rd. 1, Yerevan, Armenia Booking.com",Karen Demirchyan Complex,Armenia,Yerevan,Printing and publishing,printing-and-publishing,5,7,September
Rest & Entertainment EXPO  2025,https://expo.am/en/exhibition/otdyh-i-razvlecheniya-expo,24th international specialized exhibition,"We invite you to take part in the exhibition Rest & Entertainment EXPO 2025 Less than 3  months  left until the opening Conditions of participation in the exhibition Request information! Rest & Entertainment Expo is an exciting event that takes place in the city of Yerevan and is dedicated to the field of recreation and entertainment. It is a platform where companies and organizations from this industry can showcase their products, services and innovations. At the Rest & Entertainment Expo you will be able to see a wide range of entertainment offers, including theme parks, attractions, game centers, bowling alleys, cinemas, sports complexes, restaurants, cafes and much more. It is an ideal place for industry professionals and visitors who want to learn about the latest trends, emerging technologies and innovative approaches in the field of recreation and entertainment. The exhibition provides an opportunity to meet with industry experts, establish business contacts, discuss potential partnerships and deals. In addition, special events are held here, such as seminars, presentations, workshops and forums where you can discuss topical issues and share experiences. The Rest & Entertainment Expo in Yerevan is an important event for the leisure and entertainment industry, creating opportunities for growth, development and expansion of business, as well as for enriching the cultural and entertainment environment in the city and region. Rest & Entertainment Expo held in the framework of the exhibition forum ARMENIA EXPO . Rest & Entertainment Expo sections: Tourism: Travel agencies Business tourism Children’s tourism Airlines and aviaagencies Auto rounds Rent of machines Zones of rest in Armenia Hotels Medical-improving Rest: The medical-improving centers Rest houses SPA salons Massage salons Sports and rest: Sports complexes Fitness the centers Sportswear and accessories Accessories for rest Fishing and hunting: Accessories for fishing Accessories for hunting The hunting clubs The entertaining centers: Cinemas Discos Night clubs Karaoke bars The game centers Entertaining clubs Thematic editions, magazines The exhibition is held within the framework of the universal regional trade-industrial forum Armenia EXPO Countries Wide geography of participants! How many days before the exhibition to remind you? Done! Remind By clicking on the ""Remind"" button, you agree to the privacy policy and rules for the processing of personal data . A reminder message about the exhibition "" Rest & Entertainment EXPO 2025 "" will be sent to your E-mail address Have a good day, LOGOS EXPO Center Location Rest & Entertainment EXPO 2025 Nearby hotels Karen Demirchyan Complex Tsitsernakaberd Rd. 1, Yerevan, Armenia Booking.com",Karen Demirchyan Complex,Armenia,Yerevan,Tourism and leisure,tourism-and-leisure,5,7,September
Finance. Credit. Insurance and Audit EXPO  2025,https://expo.am/en/exhibition/finansy-kredity-strahovanie-i-audit-expo,24th international specialized exhibition,"We invite you to take part in the exhibition Finance. Credit. Insurance and Audit EXPO 2025 Less than 3  months  left until the opening Conditions of participation in the exhibition Request information! The Finance. Credit. Insurance and Audit Expo in Yerevan is a significant event dedicated to the financial sector, lending, insurance and audit. It serves as a platform for presenting the latest trends, products, services and innovations in these areas. The Finance. Credit. Insurance and Audit Expo brings together leading companies, banks, financial institutions, insurance companies and audit firms representing a wide range of products and services. Here you can get acquainted with new financial instruments, lending, insurance and audit services, as well as modern methods of financial risk management. The exhibition provides a unique opportunity for interaction between industry experts, entrepreneurs and visitors. Here you can establish business contacts, discuss topical issues, get advice from experts and find partners for cooperation. In addition, specialized conferences, seminars and presentations are held at the exhibition, where leading experts share their experience and knowledge in the financial, credit, insurance and auditing fields. This is a great opportunity to gain useful knowledge and keep up to date with the latest trends and news in these areas. The Finance. Credit. Insurance and Audit Expo in Yerevan is a key event for professionals and stakeholders in the field of finance, lending, insurance and audit. It promotes the development and growth of the financial sector, the exchange of experience and knowledge, as well as the creation of new business opportunities in this area. Finance. Credit. Insurance and Audit Expo held in the framework of the exhibition forum ARMENIA EXPO . Finance. Credit. Insurance and Audit Expo sections: Banking Banking services for legal and physical person Hypothecary crediting Crediting of small and average business Consumer express train crediting Auto crediting Leasing financing Factoring Financial Consulting Management of investments Banking and office equipment Means of protecting of the bank information and system of safety Insurance The real estate, realtor and estimated services Auditor and legal services The exhibition is held within the framework of the universal regional trade-industrial forum Armenia EXPO Countries Wide geography of participants! How many days before the exhibition to remind you? Done! Remind By clicking on the ""Remind"" button, you agree to the privacy policy and rules for the processing of personal data . A reminder message about the exhibition "" Finance. Credit. Insurance and Audit EXPO 2025 "" will be sent to your E-mail address Have a good day, LOGOS EXPO Center Location Finance. Credit. Insurance and Audit EXPO 2025 Nearby hotels Karen Demirchyan Complex Tsitsernakaberd Rd. 1, Yerevan, Armenia Booking.com",Karen Demirchyan Complex,Armenia,Yerevan,Finance and insurance,finance-and-insurance,5,7,September
Inter Food EXPO  2025,https://expo.am/en/exhibition/inter-food-expo,24th international food exhibition,"We invite you to take part in the exhibition Inter Food EXPO 2025 Less than 3  months  left until the opening Conditions of participation in the exhibition Request information! The international specialized exhibition Inter Food EXPO is an international communication platform for leaders of the food industry, where business representatives, manufacturers, suppliers, representatives of all sales channels — wholesale and retail trade, the hospitality and catering industry, representatives of state regulatory bodies meet. The participants of the exhibition are preparing to actively present their products and goods, conduct tastings and promote their products in the domestic and foreign markets. This will give an opportunity to demonstrate the novelties of the industry, both to specialists and to the general public. The exposition of the exhibition will present the entire range of both domestic and foreign food and beverages. The international specialized exhibition Inter Food EXPO is aimed at assisting enterprises and organizations of the food industry in saturating the market with high-quality goods and products available to a wide range of consumers, determining the interest of potential customers of the food and processing industry in new types of equipment. Strengthening mutually beneficial cooperation between trading enterprises and food industry enterprises, as well as saturation of the market with new products. Within the framework of the business program, seminars, presentations, round tables will be held, which will allow discussing the state and prospects for the development of the food industry, as well as other topical issues in this area. The format of the exhibition provides participants with the opportunity to comprehensively solve many tasks: acquaintance with new products and goods, get information directly from manufacturers, exchange of experience, a large amount of information, consultations and, of course, new customers and sales markets. Inter Food EXPO sections: Meat products Dairy produce Nonalcoholic drinks Mineral water Strong drinks Beer Tobacco goods Confectionery Ice-cream Animal feed The equipment for the food production and packing The exhibition is held within the framework of the universal regional trade-industrial forum Armenia EXPO Countries Wide geography of participants! How many days before the exhibition to remind you? Done! Remind By clicking on the ""Remind"" button, you agree to the privacy policy and rules for the processing of personal data . A reminder message about the exhibition "" Inter Food EXPO 2025 "" will be sent to your E-mail address Have a good day, LOGOS EXPO Center Location Inter Food EXPO 2025 Nearby hotels Karen Demirchyan Complex Tsitsernakaberd Rd. 1, Yerevan, Armenia Booking.com",Karen Demirchyan Complex,Armenia,Yerevan,Food industry,food-industry,5,7,September
Industrial Armenia EXPO  2025,https://expo.am/en/exhibition/industrial-armenia-expo,24th international specialized trade and industrial exhibition,"We invite you to take part in the exhibition Industrial Armenia EXPO 2025 Less than 3  months  left until the opening Conditions of participation in the exhibition Request information! Industrial Armenia in Yerevan is an event dedicated to industry and industrial technologies. It is a platform for the presentation of innovative solutions, products and services in various sectors of industry. Industrial Armenia brings together companies, manufacturers, suppliers of equipment and technologies from various industries, including mechanical engineering, energy, metallurgy, chemical industry, electronics, production automation and much more. It presents advanced developments, machines, equipment, components and materials that are used in industrial production. The exhibition provides an opportunity for visitors to learn about the latest technologies and solutions, improve the efficiency of their production, establish business contacts with leading companies and industry experts. Here you can evaluate the functionality of the equipment, get acquainted with its technical characteristics and conditions of use. In addition, specialized seminars, conferences and presentations are held at the Industrial Armenia , where visitors can exchange experiences, learn about the best practices in industry, as well as discuss topical issues and challenges facing the industry. Industrial Armenia in Yerevan plays an important role in the development of the country's industry, contributes to the modernization of production, increasing its competitiveness and attracting investment. It provides a platform for the exchange of knowledge, technology and experience, contributing to the development of the industrial sector and its innovative potential. Industrial Armenia EXPO held in the framework of the exhibition forum ARMENIA EXPO . Industrial Armenia EXPO sections: Paper industry Woodworking Mining industry Forest industry Metallurgical industry Manufacturing industry Glass treatment and processing Cleaning industrial facilities Glass production Industrial automation Industrial cleaning Industrial equipment Construction materials industry Industrial technologies Industrial services Coal mining development Glass products Woodworking technologies Coal processing equipment Coal industry Porcelain faience industry Chemical industry Non-ferrous metallurgy Ferrous metallurgy The exhibition is held within the framework of the universal regional trade-industrial forum Armenia EXPO Countries Wide geography of participants! How many days before the exhibition to remind you? Done! Remind By clicking on the ""Remind"" button, you agree to the privacy policy and rules for the processing of personal data . A reminder message about the exhibition "" Industrial Armenia EXPO 2025 "" will be sent to your E-mail address Have a good day, LOGOS EXPO Center Location Industrial Armenia EXPO 2025 Nearby hotels Karen Demirchyan Complex Tsitsernakaberd Rd. 1, Yerevan, Armenia Booking.com",Karen Demirchyan Complex,Armenia,Yerevan,Industry,industry,5,7,September
Comp EXPO  2025,https://expo.am/en/exhibition/comp-expo,"23th international specialized exhibition of it, security and communications","We invite you to take part in the exhibition Comp EXPO 2025 Less than 3  months  left until the opening Conditions of participation in the exhibition Request information! Comp EXPO is a unique exhibition of computer and information technology held annually in Yerevan, the capital of Armenia. It is one of the leading events in the field of computing and technology in the region, attracting professionals as well as the general public. Comp EXPO provides a platform for leading companies and manufacturers of computer hardware, software, electronics, and telecommunications to showcase their latest developments, products, and innovative technologies. Visitors have the opportunity to explore the latest trends in the computer industry, learn about cutting-edge advancements, and gather information about the latest technological breakthroughs. The exhibition features a wide range of products and services, including computers, laptops, tablets, smartphones, computer components, networking equipment, software, digital devices, gaming platforms, and much more. Additionally, the event includes demonstrations and presentations of new technologies, conferences, seminars, and workshops, allowing visitors to delve deeper into various aspects of the computer industry. Comp EXPO is an ideal place for professionals, entrepreneurs, startups, and anyone interested in computer technology. It offers the opportunity to establish connections with leading manufacturers, engage with industry experts, learn about the latest innovations, and participate in inspiring discussions. Comp EXPO also provides a platform for companies and startups to showcase their products and services to a wide audience, attract new customers and potential investors, and establish partnerships with other exhibition participants. Overall, Comp EXPO is an event that brings together industry professionals, showcases the latest advancements in computer technology, and fosters networking and collaboration opportunities. The exhibition is held within the framework of the universal regional trade-industrial forum Armenia EXPO Countries Wide geography of participants! How many days before the exhibition to remind you? Done! Remind By clicking on the ""Remind"" button, you agree to the privacy policy and rules for the processing of personal data . A reminder message about the exhibition "" Comp EXPO 2025 "" will be sent to your E-mail address Have a good day, LOGOS EXPO Center Location Comp EXPO 2025 Nearby hotels Karen Demirchyan Complex Tsitsernakaberd Rd. 1, Yerevan, Armenia Booking.com",Karen Demirchyan Complex,Armenia,Yerevan,IT and Innovation,it-and-innovation,5,7,September
ArmProd EXPO  2025,https://expo.am/en/exhibition/armprodekspo,23th international specialized exhibition,"We invite you to take part in the exhibition ArmProd EXPO 2025 Less than 6  months  left until the opening Conditions of participation in the exhibition Request information! The largest international food exhibition of the republic of ArmProd Expo which became authoritative and with the developed tradition, is one of the main events in which the leading producers, suppliers and distributors of food and drinks annually take part. Leaders of the domestic food industry and the leading Armenian food firms choose this exhibition for presentation of the products and innovative development as the ""ArmProd Expo"" exhibition promotes effective realization of qualitative food, commercial productivity and finds new approaches and practical decisions for the modern changing market. The ""ArmProd Expo"" exhibition completely covers the food market of Armenia and is segmented on thematic sections, uniting in a uniform exposition all branches of food and processing industry, and reflects key tendencies of development of domestic and foreign agro-industrial complex. ArmProd Expo sections: Food processing technologies Agricultural machinery and equipment Animal feed Agricultural technologies Containers and packaging Seeds and saplings Bakery and pastry products Meat products. Poultry. Sausage products Fish and seafood Dairy products. Cheese Grocery. Pasta. Spices Sunflower and vegetable oils Snacks. Nuts. Dried fruits Tea. Coffee. Coffee machines Vegetables. Fruit. Canned vegetables and fruit Canned food. Sauces. Ketchup. Salads Gastronomy. Products for restaurants Frozen food. Convenience food Juice. Water. Soft drinks Alcoholic beverages Healthy food. Natural and organic products Countries Wide geography of participants! How many days before the exhibition to remind you? Done! Remind By clicking on the ""Remind"" button, you agree to the privacy policy and rules for the processing of personal data . A reminder message about the exhibition "" ArmProd EXPO 2025 "" will be sent to your E-mail address Have a good day, LOGOS EXPO Center Location ArmProd EXPO 2025 Nearby hotels Karen Demirchyan Complex Tsitsernakaberd Rd. 1, Yerevan, Armenia Booking.com",Karen Demirchyan Complex,Armenia,Yerevan,Food industry,food-industry,12,14,December
Caucasus: Building and Reconstruction EXPO  2026,https://expo.am/en/exhibition/kavkaz-stroitelstvo-i-remont-expo,22th international specialized building exhibition,"We invite you to take part in the exhibition Caucasus: Building and Reconstruction EXPO 2026 Less than 10  months  left until the opening Conditions of participation in the exhibition Request information! The annual international specialized exhibition Caucasus: Building and Reconstruction is the largest construction exhibition in Armenia. The exhibition will feature the largest construction brands not only from Russia, Georgia, Ukraine, Belarus, Kazakhstan, Iran, Italy, Germany, Poland, but also a number of other industrially developed countries. It is this event that will become a unique platform for the creation and development of business relations between construction companies of Armenia and the above-mentioned countries. The opportunity opens up for Armenian companies to establish the necessary business contacts on the spot, aimed at integration with the largest manufacturers in the field of construction. Caucasus: Building and Reconstruction Expo sections: Building technologies Building Materials Construction equipment Reconstruction Materials and Supplies Buildig Instruments Projection Interior and Exterior design Heating technology Construction Services Air-conditioning systems Pools and saunas Woodworking machinery Windows and doors Construction chemicals Furniture Ceramics Stone Floor coverings Lighting Sanitary engineering Cooling Technology The exhibition purposes: Search of new commodity markets Attraction of foreign investments into economy of Armenia Demonstration of economic potential in Armenia Search of new business partners Join the ""Caucasus: Construction and Renovation EXPO"" — the largest event in the field of construction and renovation in Armenia! This exhibition offers a unique opportunity for industry professionals to connect with leading brands, access modern technologies and innovative solutions, and establish important business relationships with companies from the region. Benefits of participation: Direct access to products and services from major manufacturers and suppliers. The opportunity to build partnerships and expand business contacts. The exchange of experience and gaining valuable insights into new trends and technologies in construction and renovation. Participation in specialized seminars and workshops. A platform to showcase your services and strengthen your company's image on the international stage. Don't miss the chance to be part of this significant event and expand your business horizons! Submit your application on the website to participate in the exhibition. Be at the center of the events! Information partner: Dignisi Countries Wide geography of participants! How many days before the exhibition to remind you? Done! Remind By clicking on the ""Remind"" button, you agree to the privacy policy and rules for the processing of personal data . A reminder message about the exhibition "" Caucasus: Building and Reconstruction EXPO 2026 "" will be sent to your E-mail address Have a good day, LOGOS EXPO Center Location Caucasus: Building and Reconstruction EXPO 2026 Nearby hotels Karen Demirchyan Complex Tsitsernakaberd Rd. 1, Yerevan, Armenia Booking.com",Karen Demirchyan Complex,Armenia,Yerevan,Construction,construction,27,29,March
Education & Career EXPO  2026,https://expo.am/en/exhibition/obrazovanie-i-karera-expo,25th international specialized exhibition of education,"We invite you to take part in the exhibition Education & Career EXPO 2026 Less than 17  months  left until the opening Conditions of participation in the exhibition Request information! There, where career and education, there begins action which throughout many years is meeting place of the people, assured that good education is a springboard for successful career and, hence, one more step to the future. Unique such action in Armenia is an exhibition Education & Career Expo which this year will take place in new exhibition center ""Yerevan EXPO"". The eighteenth specialized international exhibition ""Education & Career EXPO"" complite the major and practical spheres of education, thereby giving possibility to save the time and to receive the interesting information the shortest way, – exhibition visiting. Participants of an exhibition are educational institutes (High School, colleges, the educational centers) and the international organizations-donors of Armenia and abroad. The exhibition will pass with official support of Ministry of Education of Armenia. The basic thematic sections of an exhibition: Formation in higher educational institutions Posthigh school formation The Role of the international organizations in an education sphere Innovative projects Virtual textbooks and programs Training methods and techniques The Educational and developing literature Tiphographical services and a stationery The Equipment for educational institutions We invite you to participate in the ""Education and Career EXPO,"" a unique event that brings together leading educational institutions, employers, and career specialists. This is an excellent opportunity to get acquainted with promising educational programs, find interesting courses, professional development programs, and speak directly with representatives of universities and companies. The exhibition opens new horizons for professional growth, helps expand your network, and provides answers to important questions about education and career. Don't miss the chance to be part of this significant event. Submit your application to participate on our website and secure your place among the participants! Be at the center of the events! Countries Wide geography of participants! How many days before the exhibition to remind you? Done! Remind By clicking on the ""Remind"" button, you agree to the privacy policy and rules for the processing of personal data . A reminder message about the exhibition "" Education & Career EXPO 2026 "" will be sent to your E-mail address Have a good day, LOGOS EXPO Center Location Education & Career EXPO 2026 Nearby hotels Karen Demirchyan Complex Tsitsernakaberd Rd. 1, Yerevan, Armenia Booking.com",Karen Demirchyan Complex,Armenia,Yerevan,Education and science,education-and-science,4,6,November
